{
    "Tau_FES": {
        "eta_dm": {
            "eta:[1.5,2.5]": {
                "dm:[1.0,1.0]": {
                    "down": 0.9653099999999999, 
                    "up": 1.07961, 
                    "value": 1.015
                }, 
                "dm:[0.0,0.0]": {
                    "down": 0.9596600000000001, 
                    "up": 0.9964500000000001, 
                    "value": 0.97396
                }
            }, 
            "eta:[0.5,1.5]": {
                "dm:[1.0,1.0]": {
                    "down": 1.00181, 
                    "up": 1.03316, 
                    "value": 1.01154
                }, 
                "dm:[0.0,0.0]": {
                    "down": 1.00029, 
                    "up": 1.02254, 
                    "value": 1.00911
                }
            }
        }
    }
}