{
    "TauSF": {
        "pt": {
            "pt:[20,30]": {
                "value": 1.03629705036,
                "up": 1.26219378775,
                "down": 0.8104003129699999
            },
            "pt:[30,40]": {
                "value": 1.00981456274,
                "up": 1.28645213373,
                "down": 0.73317699175
            },
            "pt:[40,50]": {
                "value": 0.98333207512,
                "up": 1.31071047972,
                "down": 0.65595367052
            },
            "pt:[50,60]": {
                "value": 0.95684958751,
                "up": 1.33496882571,
                "down": 0.57873034931
            },
            "pt:[60,80]": {
                "value": 0.93036709989,
                "up": 1.3592271717,
                "down": 0.50150702808
            },
            "pt:[80,100]": {
                "value": 0.87740212466,
                "up": 1.40774386368,
                "down": 0.3470603856400001
            },
            "pt:[100,200]": {
                "value": 0.82443714943,
                "up": 1.45626055566,
                "down": 0.19261374320000013
            }
        }
    }
}