{
    "Tau_FES": {
        "eta_dm": {
            "eta:[1.5,2.5]": {
                "dm:[1.0,1.0]": {
                    "down": 0.99306, 
                    "up": 1.1157000000000001, 
                    "value": 1.05
                }, 
                "dm:[0.0,0.0]": {
                    "down": 0.9539799999999999, 
                    "up": 0.98308, 
                    "value": 0.965
                }
            }, 
            "eta:[0.5,1.5]": {
                "dm:[1.0,1.0]": {
                    "down": 1.00914, 
                    "up": 1.0455699999999999, 
                    "value": 1.03389
                }, 
                "dm:[0.0,0.0]": {
                    "down": 0.99697, 
                    "up": 1.01485, 
                    "value": 1.00679
                }
            }
        }
    }
}