{
    "Tau_FES": {
        "eta_dm": {
            "eta:[1.5,2.5]": {
                "dm:[1.0,1.0]": {
                    "down": 0.94191, 
                    "up": 1.03999, 
                    "value": 0.985
                }, 
                "dm:[0.0,0.0]": {
                    "down": 0.95653, 
                    "up": 1.00307, 
                    "value": 0.96903
                }
            }, 
            "eta:[0.5,1.5]": {
                "dm:[1.0,1.0]": {
                    "down": 1.0034699999999999, 
                    "up": 1.03171, 
                    "value": 1.01945
                }, 
                "dm:[0.0,0.0]": {
                    "down": 1.00888, 
                    "up": 1.02266, 
                    "value": 1.01362
                }
            }
        }
    }
}