{
    "TauSF": {
        "dm": {
            "dm:[1.0,1.0]": {
                "Down": 0.8262883837776184, 
                "Up": 0.9343723837776184, 
                "value": 0.8803303837776184
            }, 
            "dm:[11.0,11.0]": {
                "Down": 0.7357286202735901, 
                "Up": 1.06081462027359, 
                "value": 0.8982716202735901
            }, 
            "dm:[0.0,0.0]": {
                "Down": 0.7807862023200989, 
                "Up": 1.0643682023200989, 
                "value": 0.9225772023200989
            }, 
            "dm:[10.0,10.0]": {
                "Down": 0.7830417273521424, 
                "Up": 0.9534417273521423, 
                "value": 0.8682417273521423
            }
        }
    }
}