{
    "TauSF": {
        "eta": {
            "eta:[2.4,2.4]": {
                "down": 1.0, 
                "up": 1.0, 
                "value": 1.0
            }, 
            "eta:[2.2,2.2]": {
                "down": 0.8599999976158142, 
                "up": 1.0199999976158143, 
                "value": 0.9399999976158142
            }, 
            "eta:[1.2,1.2]": {
                "down": 0.8700000166893005, 
                "up": 0.9700000166893006, 
                "value": 0.9200000166893005
            }, 
            "eta:[0.8,0.8]": {
                "down": 0.8700000166893005, 
                "up": 0.9700000166893006, 
                "value": 0.9200000166893005
            }, 
            "eta:[0.2,0.2]": {
                "down": 0.8700000166893005, 
                "up": 0.9700000166893006, 
                "value": 0.9200000166893005
            }, 
            "eta:[0.6,0.6]": {
                "down": 0.8700000166893005, 
                "up": 0.9700000166893006, 
                "value": 0.9200000166893005
            }, 
            "eta:[1.4,1.4]": {
                "down": 0.8700000166893005, 
                "up": 0.9700000166893006, 
                "value": 0.9200000166893005
            }, 
            "eta:[1.8,1.8]": {
                "down": 0.8599999976158142, 
                "up": 1.0199999976158143, 
                "value": 0.9399999976158142
            }, 
            "eta:[0.0,0.0]": {
                "down": 0.8700000166893005, 
                "up": 0.9700000166893006, 
                "value": 0.9200000166893005
            }, 
            "eta:[0.4,0.4]": {
                "down": 0.8700000166893005, 
                "up": 0.9700000166893006, 
                "value": 0.9200000166893005
            }, 
            "eta:[2.0,2.0]": {
                "down": 0.8599999976158142, 
                "up": 1.0199999976158143, 
                "value": 0.9399999976158142
            }, 
            "eta:[1.0,1.0]": {
                "down": 0.8700000166893005, 
                "up": 0.9700000166893006, 
                "value": 0.9200000166893005
            }, 
            "eta:[1.6,1.6]": {
                "down": 0.8599999976158142, 
                "up": 1.0199999976158143, 
                "value": 0.9399999976158142
            }
        }
    }
}