{
    "TauSF": {
        "eta": {
            "eta:[2.4,2.4]": {
                "down": 1.0, 
                "up": 1.0, 
                "value": 1.0
            }, 
            "eta:[2.2,2.2]": {
                "down": 3.375968134848509, 
                "up": 3.8970716829615495, 
                "value": 3.6365199089050293
            }, 
            "eta:[1.2,1.2]": {
                "down": 0.6211278104232797, 
                "up": 0.9932642317367545, 
                "value": 0.8071960210800171
            }, 
            "eta:[0.8,0.8]": {
                "down": 0.9203364529569739, 
                "up": 1.0881896338502772, 
                "value": 1.0042630434036255
            }, 
            "eta:[0.2,0.2]": {
                "down": 1.184624465734748, 
                "up": 1.3644716417481622, 
                "value": 1.274548053741455
            }, 
            "eta:[0.6,0.6]": {
                "down": 0.9927487017092134, 
                "up": 1.3988314031186675, 
                "value": 1.1957900524139404
            }, 
            "eta:[1.4,1.4]": {
                "down": 0.6211278104232797, 
                "up": 0.9932642317367545, 
                "value": 0.8071960210800171
            }, 
            "eta:[1.8,1.8]": {
                "down": 3.375968134848509, 
                "up": 3.8970716829615495, 
                "value": 3.6365199089050293
            }, 
            "eta:[0.0,0.0]": {
                "down": 1.184624465734748, 
                "up": 1.3644716417481622, 
                "value": 1.274548053741455
            }, 
            "eta:[0.4,0.4]": {
                "down": 0.9927487017092134, 
                "up": 1.3988314031186675, 
                "value": 1.1957900524139404
            }, 
            "eta:[2.0,2.0]": {
                "down": 3.375968134848509, 
                "up": 3.8970716829615495, 
                "value": 3.6365199089050293
            }, 
            "eta:[1.0,1.0]": {
                "down": 0.9203364529569739, 
                "up": 1.0881896338502772, 
                "value": 1.0042630434036255
            }, 
            "eta:[1.6,1.6]": {
                "down": 0.6211278104232797, 
                "up": 0.9932642317367545, 
                "value": 0.8071960210800171
            }
        }
    }
}