{
    "TauSF": {
        "dm": {
            "dm:[1.0,1.0]": {
                "Down": 0.7724959161567688, 
                "Up": 0.8751859161567688, 
                "value": 0.8238409161567688
            }, 
            "dm:[11.0,11.0]": {
                "Down": 0.7069206267280579, 
                "Up": 0.9847866267280578, 
                "value": 0.8458536267280579
            }, 
            "dm:[0.0,0.0]": {
                "Down": 0.947689961479187, 
                "Up": 1.122793961479187, 
                "value": 1.035241961479187
            }, 
            "dm:[10.0,10.0]": {
                "Down": 0.740607810798645, 
                "Up": 0.883375810798645, 
                "value": 0.811991810798645
            }
        }
    }
}