{
    "TauSF": {
        "eta": {
            "eta:[2.4,2.4]": {
                "down": 1.0, 
                "up": 1.0, 
                "value": 1.0
            }, 
            "eta:[2.2,2.2]": {
                "down": 5.733588601115793, 
                "up": 6.303683852192313, 
                "value": 6.018636226654053
            }, 
            "eta:[1.2,1.2]": {
                "down": 0.9916764901047248, 
                "up": 1.284279425346325, 
                "value": 1.137977957725525
            }, 
            "eta:[0.8,0.8]": {
                "down": 0.8354795316687119, 
                "up": 1.0794884820947157, 
                "value": 0.9574840068817139
            }, 
            "eta:[0.2,0.2]": {
                "down": 1.2335140689900925, 
                "up": 1.3929879680582473, 
                "value": 1.31325101852417
            }, 
            "eta:[0.6,0.6]": {
                "down": 1.0944079942939644, 
                "up": 1.31090406701585, 
                "value": 1.2026560306549072
            }, 
            "eta:[1.4,1.4]": {
                "down": 0.9916764901047248, 
                "up": 1.284279425346325, 
                "value": 1.137977957725525
            }, 
            "eta:[1.8,1.8]": {
                "down": 5.733588601115793, 
                "up": 6.303683852192313, 
                "value": 6.018636226654053
            }, 
            "eta:[0.0,0.0]": {
                "down": 1.2335140689900925, 
                "up": 1.3929879680582473, 
                "value": 1.31325101852417
            }, 
            "eta:[0.4,0.4]": {
                "down": 1.0944079942939644, 
                "up": 1.31090406701585, 
                "value": 1.2026560306549072
            }, 
            "eta:[2.0,2.0]": {
                "down": 5.733588601115793, 
                "up": 6.303683852192313, 
                "value": 6.018636226654053
            }, 
            "eta:[1.0,1.0]": {
                "down": 0.8354795316687119, 
                "up": 1.0794884820947157, 
                "value": 0.9574840068817139
            }, 
            "eta:[1.6,1.6]": {
                "down": 0.9916764901047248, 
                "up": 1.284279425346325, 
                "value": 1.137977957725525
            }
        }
    }
}