{
    "TauSF": {
        "dm": {
            "dm:[1.0,1.0]": {
                "Down": 0.8765276888656616, 
                "Up": 0.9415176888656617, 
                "value": 0.9090226888656616
            }, 
            "dm:[11.0,11.0]": {
                "Down": 0.7937755189476013, 
                "Up": 1.0058135189476014, 
                "value": 0.8997945189476013
            }, 
            "dm:[0.0,0.0]": {
                "Down": 0.9297451208686829, 
                "Up": 1.0327751208686828, 
                "value": 0.9812601208686829
            }, 
            "dm:[10.0,10.0]": {
                "Down": 0.8355527007522583, 
                "Up": 0.9464147007522583, 
                "value": 0.8909837007522583
            }
        }
    }
}