{
    "TauSF": {
        "eta": {
            "eta:[2.4,2.4]": {
                "down": 1.0, 
                "up": 1.0, 
                "value": 1.0
            }, 
            "eta:[2.2,2.2]": {
                "down": 0.770000023841858, 
                "up": 0.9300000238418579, 
                "value": 0.8500000238418579
            }, 
            "eta:[1.2,1.2]": {
                "down": 0.9300000286102295, 
                "up": 1.0100000286102295, 
                "value": 0.9700000286102295
            }, 
            "eta:[0.8,0.8]": {
                "down": 0.9300000286102295, 
                "up": 1.0100000286102295, 
                "value": 0.9700000286102295
            }, 
            "eta:[0.2,0.2]": {
                "down": 0.9300000286102295, 
                "up": 1.0100000286102295, 
                "value": 0.9700000286102295
            }, 
            "eta:[0.6,0.6]": {
                "down": 0.9300000286102295, 
                "up": 1.0100000286102295, 
                "value": 0.9700000286102295
            }, 
            "eta:[1.4,1.4]": {
                "down": 0.9300000286102295, 
                "up": 1.0100000286102295, 
                "value": 0.9700000286102295
            }, 
            "eta:[1.8,1.8]": {
                "down": 0.770000023841858, 
                "up": 0.9300000238418579, 
                "value": 0.8500000238418579
            }, 
            "eta:[0.0,0.0]": {
                "down": 0.9300000286102295, 
                "up": 1.0100000286102295, 
                "value": 0.9700000286102295
            }, 
            "eta:[0.4,0.4]": {
                "down": 0.9300000286102295, 
                "up": 1.0100000286102295, 
                "value": 0.9700000286102295
            }, 
            "eta:[2.0,2.0]": {
                "down": 0.770000023841858, 
                "up": 0.9300000238418579, 
                "value": 0.8500000238418579
            }, 
            "eta:[1.0,1.0]": {
                "down": 0.9300000286102295, 
                "up": 1.0100000286102295, 
                "value": 0.9700000286102295
            }, 
            "eta:[1.6,1.6]": {
                "down": 0.770000023841858, 
                "up": 0.9300000238418579, 
                "value": 0.8500000238418579
            }
        }
    }
}