{
    "TauSF": {
        "eta": {
            "eta:[2.4,2.4]": {
                "down": 1.0, 
                "up": 1.0, 
                "value": 1.0
            }, 
            "eta:[2.2,2.2]": {
                "down": 4.359619412322601, 
                "up": 5.162932124237457, 
                "value": 4.761275768280029
            }, 
            "eta:[1.2,1.2]": {
                "down": 0.8154181594237775, 
                "up": 1.3120499497070819, 
                "value": 1.0637340545654297
            }, 
            "eta:[0.8,0.8]": {
                "down": 1.1553403356851857, 
                "up": 1.5167976400075633, 
                "value": 1.3360689878463745
            }, 
            "eta:[0.2,0.2]": {
                "down": 1.008264397591312, 
                "up": 1.2882236490548062, 
                "value": 1.148244023323059
            }, 
            "eta:[0.6,0.6]": {
                "down": 1.0423196463952142, 
                "up": 1.4254883617987555, 
                "value": 1.2339040040969849
            }, 
            "eta:[1.4,1.4]": {
                "down": 0.8154181594237775, 
                "up": 1.3120499497070819, 
                "value": 1.0637340545654297
            }, 
            "eta:[1.8,1.8]": {
                "down": 4.359619412322601, 
                "up": 5.162932124237457, 
                "value": 4.761275768280029
            }, 
            "eta:[0.0,0.0]": {
                "down": 1.008264397591312, 
                "up": 1.2882236490548062, 
                "value": 1.148244023323059
            }, 
            "eta:[0.4,0.4]": {
                "down": 1.0423196463952142, 
                "up": 1.4254883617987555, 
                "value": 1.2339040040969849
            }, 
            "eta:[2.0,2.0]": {
                "down": 4.359619412322601, 
                "up": 5.162932124237457, 
                "value": 4.761275768280029
            }, 
            "eta:[1.0,1.0]": {
                "down": 1.1553403356851857, 
                "up": 1.5167976400075633, 
                "value": 1.3360689878463745
            }, 
            "eta:[1.6,1.6]": {
                "down": 0.8154181594237775, 
                "up": 1.3120499497070819, 
                "value": 1.0637340545654297
            }
        }
    }
}