{
    "TauSF": {
        "eta": {
            "eta:[2.4,2.4]": {
                "down": 1.0, 
                "up": 1.0, 
                "value": 1.0
            }, 
            "eta:[2.2,2.2]": {
                "down": 3.9590992692956846, 
                "up": 4.717756771658905, 
                "value": 4.338428020477295
            }, 
            "eta:[1.2,1.2]": {
                "down": 0.972452893985639, 
                "up": 1.510053142772784, 
                "value": 1.2412530183792114
            }, 
            "eta:[0.8,0.8]": {
                "down": 0.7507624990726434, 
                "up": 1.048013531467823, 
                "value": 0.8993880152702332
            }, 
            "eta:[0.2,0.2]": {
                "down": 0.9176302039957567, 
                "up": 1.1403858577870802, 
                "value": 1.0290080308914185
            }, 
            "eta:[0.6,0.6]": {
                "down": 1.0641931078183924, 
                "up": 1.4448148229372229, 
                "value": 1.2545039653778076
            }, 
            "eta:[1.4,1.4]": {
                "down": 0.972452893985639, 
                "up": 1.510053142772784, 
                "value": 1.2412530183792114
            }, 
            "eta:[1.8,1.8]": {
                "down": 3.9590992692956846, 
                "up": 4.717756771658905, 
                "value": 4.338428020477295
            }, 
            "eta:[0.0,0.0]": {
                "down": 0.9176302039957567, 
                "up": 1.1403858577870802, 
                "value": 1.0290080308914185
            }, 
            "eta:[0.4,0.4]": {
                "down": 1.0641931078183924, 
                "up": 1.4448148229372229, 
                "value": 1.2545039653778076
            }, 
            "eta:[2.0,2.0]": {
                "down": 3.9590992692956846, 
                "up": 4.717756771658905, 
                "value": 4.338428020477295
            }, 
            "eta:[1.0,1.0]": {
                "down": 0.7507624990726434, 
                "up": 1.048013531467823, 
                "value": 0.8993880152702332
            }, 
            "eta:[1.6,1.6]": {
                "down": 0.972452893985639, 
                "up": 1.510053142772784, 
                "value": 1.2412530183792114
            }
        }
    }
}