{
    "TauSF": {
        "dm": {
            "dm:[1.0,1.0]": {
                "Down": 0.8523133019409179, 
                "Up": 0.929171301940918, 
                "value": 0.890742301940918
            }, 
            "dm:[11.0,11.0]": {
                "Down": 0.69965267502594, 
                "Up": 0.8541166750259399, 
                "value": 0.7768846750259399
            }, 
            "dm:[0.0,0.0]": {
                "Down": 0.8789137732086182, 
                "Up": 1.0082517732086183, 
                "value": 0.9435827732086182
            }, 
            "dm:[10.0,10.0]": {
                "Down": 0.7629000296974182, 
                "Up": 0.8508200296974182, 
                "value": 0.8068600296974182
            }
        }
    }
}